File,Date Shot,Date Created,Date Modified,Latitude,Longitude,Device,File Size (KB),Resolution
image_1.jpg,01/01/23 13:10,01/01/23 13:45,01/01/23 14:28,25.774691,-80.175001,Canon EOS 90D,4254,1920x1080
image_2.jpg,01/01/23 9:16,01/01/23 9:55,01/01/23 10:13,25.772844,-80.189539,Canon EOS 90D,5017,4000x3000
image_3.jpg,01/01/23 15:36,01/01/23 16:14,01/01/23 17:11,25.762719,-80.179846,iPhone 13 Pro,6723,3000x2000
image_4.jpg,01/01/23 14:33,01/01/23 15:12,01/01/23 15:54,25.776632,-80.190388,Nikon D3500,3117,4000x3000
image_5.jpg,01/01/23 17:53,01/01/23 17:57,01/01/23 17:57,25.765936,-80.183602,Canon EOS 90D,6036,3000x2000
image_6.jpg,01/01/23 17:58,01/01/23 18:07,01/01/23 18:11,25.771371,-80.184613,Nikon D3500,2169,1920x1080
image_7.jpg,01/01/23 11:33,01/01/23 12:28,01/01/23 12:34,25.769237,-80.185885,Canon EOS 90D,5923,2560x1440
image_8.jpg,01/01/23 15:42,01/01/23 15:55,01/01/23 16:38,25.774248,-80.182242,iPhone 13 Pro,7098,2560x1440
image_9.jpg,01/01/23 12:56,01/01/23 13:19,01/01/23 13:21,25.770411,-80.18472,Nikon D3500,1316,1920x1080
image_10.jpg,01/01/23 12:19,01/01/23 12:39,01/01/23 13:20,25.771815,-80.177566,Canon EOS 90D,6276,2560x1440
image_11.jpg,01/01/23 11:19,01/01/23 11:33,01/01/23 11:38,25.772613,-80.187191,Canon EOS 90D,5392,1920x1080
image_12.jpg,01/01/23 11:28,01/01/23 11:39,01/01/23 12:30,25.763799,-80.174306,Canon EOS 90D,2265,4000x3000
image_13.jpg,01/01/23 15:51,01/01/23 15:59,01/01/23 16:28,25.778975,-80.171892,Canon EOS 90D,6003,2560x1440
image_14.jpg,01/01/23 13:06,01/01/23 13:38,01/01/23 13:57,25.762243,-80.185291,iPhone 13 Pro,3418,2560x1440
image_15.jpg,01/01/23 14:40,01/01/23 14:51,01/01/23 15:30,25.775456,-80.190663,Nikon D3500,1935,3000x2000
image_16.jpg,01/01/23 10:49,01/01/23 11:36,01/01/23 12:19,25.777484,-80.189788,Canon EOS 90D,2318,2560x1440
image_17.jpg,01/01/23 8:04,01/01/23 8:30,01/01/23 8:53,25.776978,-80.181877,Nikon D3500,6034,3000x2000
image_18.jpg,01/01/23 14:44,01/01/23 15:06,01/01/23 15:29,25.776111,-80.186355,iPhone 13 Pro,2840,3000x2000
image_19.jpg,01/01/23 17:02,01/01/23 17:39,01/01/23 18:14,25.770276,-80.176263,Samsung Galaxy S21,4994,4000x3000
image_20.jpg,01/01/23 16:02,01/01/23 16:25,01/01/23 16:59,25.773198,-80.191024,Nikon D3500,6133,1920x1080
image_21.jpg,01/01/23 15:13,01/01/23 15:36,01/01/23 15:40,25.770181,-80.187915,iPhone 13 Pro,2575,4000x3000
image_22.jpg,01/01/23 14:59,01/01/23 15:16,01/01/23 15:40,25.773867,-80.189139,iPhone 13 Pro,1041,4000x3000
image_23.jpg,01/01/23 14:12,01/01/23 14:55,01/01/23 15:33,25.764307,-80.18414,Canon EOS 90D,7916,3000x2000
image_24.jpg,01/01/23 14:59,01/01/23 15:02,01/01/23 15:10,25.769988,-80.184329,Canon EOS 90D,4133,2560x1440
image_25.jpg,01/01/23 17:54,01/01/23 18:17,01/01/23 18:56,25.767647,-80.182336,Samsung Galaxy S21,2767,4000x3000
image_26.jpg,01/01/23 15:36,01/01/23 16:17,01/01/23 16:57,25.773566,-80.18527,Samsung Galaxy S21,2932,3000x2000
image_27.jpg,01/01/23 10:42,01/01/23 11:18,01/01/23 11:19,25.77998,-80.190814,Canon EOS 90D,4004,3000x2000
image_28.jpg,01/01/23 16:52,01/01/23 16:54,01/01/23 17:54,25.777839,-80.180058,iPhone 13 Pro,1420,2560x1440
image_29.jpg,01/01/23 16:52,01/01/23 17:29,01/01/23 18:25,25.770071,-80.190278,iPhone 13 Pro,7296,1920x1080
image_30.jpg,01/01/23 11:18,01/01/23 12:09,01/01/23 13:08,25.770943,-80.176635,Canon EOS 90D,7126,3000x2000
image_31.jpg,01/01/23 11:35,01/01/23 12:21,01/01/23 12:49,25.762334,-80.176737,iPhone 13 Pro,6213,2560x1440
image_32.jpg,01/01/23 17:40,01/01/23 17:52,01/01/23 17:59,25.763082,-80.191797,iPhone 13 Pro,4042,4000x3000
image_33.jpg,01/01/23 17:34,01/01/23 18:17,01/01/23 19:04,25.777678,-80.176048,Canon EOS 90D,5535,4000x3000
image_34.jpg,01/01/23 8:24,01/01/23 9:00,01/01/23 9:15,25.762795,-80.179427,Nikon D3500,2596,2560x1440
image_35.jpg,01/01/23 15:27,01/01/23 15:29,01/01/23 15:55,25.767995,-80.187858,Nikon D3500,6629,2560x1440
image_36.jpg,01/01/23 13:28,01/01/23 13:29,01/01/23 14:12,25.77602,-80.179188,iPhone 13 Pro,1097,2560x1440
image_37.jpg,01/01/23 9:49,01/01/23 9:56,01/01/23 10:49,25.780544,-80.186401,Samsung Galaxy S21,3442,4000x3000
image_38.jpg,01/01/23 12:37,01/01/23 12:56,01/01/23 13:44,25.765141,-80.173354,Canon EOS 90D,1149,3000x2000
image_39.jpg,01/01/23 10:08,01/01/23 10:18,01/01/23 11:01,25.770167,-80.190432,iPhone 13 Pro,1545,3000x2000
image_40.jpg,01/01/23 9:33,01/01/23 10:03,01/01/23 10:59,25.767327,-80.189178,Samsung Galaxy S21,1001,3000x2000
image_41.jpg,01/01/23 9:22,01/01/23 10:12,01/01/23 10:42,25.765244,-80.176786,Canon EOS 90D,3929,2560x1440
image_42.jpg,01/01/23 13:03,01/01/23 13:13,01/01/23 14:03,25.769828,-80.1899,iPhone 13 Pro,1837,1920x1080
image_43.jpg,01/01/23 15:26,01/01/23 16:14,01/01/23 16:40,25.762907,-80.181276,iPhone 13 Pro,4043,4000x3000
image_44.jpg,01/01/23 14:02,01/01/23 14:21,01/01/23 14:23,25.770652,-80.188748,Nikon D3500,6067,3000x2000
image_45.jpg,01/01/23 15:14,01/01/23 15:45,01/01/23 15:46,25.774814,-80.185215,Samsung Galaxy S21,7898,1920x1080
image_46.jpg,01/01/23 15:57,01/01/23 16:31,01/01/23 17:14,25.777435,-80.182688,iPhone 13 Pro,5582,1920x1080
image_47.jpg,01/01/23 14:30,01/01/23 15:05,01/01/23 15:09,25.766589,-80.177769,Nikon D3500,1900,3000x2000
image_48.jpg,01/01/23 11:48,01/01/23 11:55,01/01/23 12:40,25.774745,-80.187634,Nikon D3500,2079,1920x1080
image_49.jpg,01/01/23 9:55,01/01/23 10:16,01/01/23 10:45,25.781122,-80.18594,Samsung Galaxy S21,3747,2560x1440
image_50.jpg,01/01/23 17:44,01/01/23 18:10,01/01/23 18:35,25.774139,-80.186342,Nikon D3500,7606,1920x1080
image_51.jpg,01/01/23 8:08,01/01/23 8:24,01/01/23 8:52,25.778055,-80.184451,Nikon D3500,1159,3000x2000
image_52.jpg,01/01/23 16:30,01/01/23 17:05,01/01/23 17:51,25.77421,-80.175227,Samsung Galaxy S21,2970,4000x3000
image_53.jpg,01/01/23 12:48,01/01/23 13:05,01/01/23 14:02,25.769293,-80.182519,iPhone 13 Pro,3167,4000x3000
image_54.jpg,01/01/23 14:55,01/01/23 15:05,01/01/23 15:50,25.763959,-80.180287,iPhone 13 Pro,1854,1920x1080
image_55.jpg,01/01/23 10:07,01/01/23 10:38,01/01/23 11:09,25.765633,-80.176374,Nikon D3500,3281,2560x1440
image_56.jpg,01/01/23 12:49,01/01/23 13:29,01/01/23 13:29,25.771808,-80.179359,Nikon D3500,7720,3000x2000
image_57.jpg,01/01/23 16:43,01/01/23 16:52,01/01/23 17:44,25.767488,-80.178713,Nikon D3500,6257,3000x2000
image_58.jpg,01/01/23 12:56,01/01/23 13:24,01/01/23 14:10,25.762039,-80.17686,iPhone 13 Pro,1522,3000x2000
image_59.jpg,01/01/23 16:53,01/01/23 17:10,01/01/23 17:31,25.776606,-80.18556,iPhone 13 Pro,5936,1920x1080
image_60.jpg,01/01/23 12:10,01/01/23 13:09,01/01/23 13:14,25.771339,-80.179656,Canon EOS 90D,4990,3000x2000
image_61.jpg,01/01/23 17:05,01/01/23 17:49,01/01/23 18:20,25.764994,-80.17256,iPhone 13 Pro,1120,2560x1440
image_62.jpg,01/01/23 16:37,01/01/23 16:59,01/01/23 17:04,25.767131,-80.183792,Nikon D3500,4260,2560x1440
image_63.jpg,01/01/23 9:12,01/01/23 9:26,01/01/23 9:31,25.774609,-80.17418,iPhone 13 Pro,2120,2560x1440
image_64.jpg,01/01/23 17:38,01/01/23 17:41,01/01/23 18:01,25.774612,-80.191772,Samsung Galaxy S21,3882,2560x1440
image_65.jpg,01/01/23 9:25,01/01/23 10:12,01/01/23 10:52,25.769774,-80.184014,Canon EOS 90D,4559,4000x3000
image_66.jpg,01/01/23 9:24,01/01/23 9:56,01/01/23 10:37,25.774426,-80.190321,Nikon D3500,3055,2560x1440
image_67.jpg,01/01/23 17:47,01/01/23 18:02,01/01/23 18:14,25.779444,-80.188675,Canon EOS 90D,2682,1920x1080
image_68.jpg,01/01/23 11:55,01/01/23 12:33,01/01/23 12:50,25.779311,-80.18188,Canon EOS 90D,3113,1920x1080
image_69.jpg,01/01/23 11:38,01/01/23 11:41,01/01/23 11:46,25.769092,-80.180106,Samsung Galaxy S21,6920,3000x2000
image_70.jpg,01/01/23 10:29,01/01/23 10:48,01/01/23 11:04,25.780857,-80.189846,Canon EOS 90D,4110,2560x1440
image_71.jpg,01/01/23 15:48,01/01/23 15:53,01/01/23 16:12,25.768642,-80.187237,Nikon D3500,2895,3000x2000
image_72.jpg,01/01/23 16:41,01/01/23 17:20,01/01/23 17:30,25.763767,-80.185801,Samsung Galaxy S21,5363,1920x1080
image_73.jpg,01/01/23 15:59,01/01/23 16:13,01/01/23 16:25,25.77085,-80.173835,Samsung Galaxy S21,5594,2560x1440
image_74.jpg,01/01/23 17:13,01/01/23 17:24,01/01/23 18:12,25.775343,-80.185171,Samsung Galaxy S21,4439,2560x1440
image_75.jpg,01/01/23 9:25,01/01/23 10:15,01/01/23 10:23,25.773923,-80.183976,Nikon D3500,2065,3000x2000
image_76.jpg,01/01/23 17:12,01/01/23 17:18,01/01/23 17:20,25.771806,-80.190567,Nikon D3500,4782,3000x2000
image_77.jpg,01/01/23 13:14,01/01/23 13:55,01/01/23 14:33,25.762513,-80.17334,Nikon D3500,4042,2560x1440
image_78.jpg,01/01/23 11:44,01/01/23 12:40,01/01/23 13:35,25.778539,-80.190942,Nikon D3500,7866,1920x1080
image_79.jpg,01/01/23 8:14,01/01/23 8:22,01/01/23 8:22,25.774402,-80.185467,Samsung Galaxy S21,7359,1920x1080
image_80.jpg,01/01/23 17:09,01/01/23 17:31,01/01/23 17:33,25.766862,-80.185591,Nikon D3500,1820,3000x2000
image_81.jpg,01/01/23 15:02,01/01/23 15:54,01/01/23 16:05,25.773525,-80.190545,Nikon D3500,7331,2560x1440
image_82.jpg,01/01/23 13:34,01/01/23 14:21,01/01/23 15:05,25.761839,-80.182595,Samsung Galaxy S21,1261,1920x1080
image_83.jpg,01/01/23 16:15,01/01/23 16:18,01/01/23 17:12,25.766669,-80.190936,iPhone 13 Pro,5733,1920x1080
image_84.jpg,01/01/23 17:45,01/01/23 18:34,01/01/23 19:30,25.768104,-80.180091,Samsung Galaxy S21,4443,1920x1080
image_85.jpg,01/01/23 10:42,01/01/23 11:28,01/01/23 12:18,25.775719,-80.171881,Canon EOS 90D,5896,2560x1440
image_86.jpg,01/01/23 10:29,01/01/23 10:55,01/01/23 11:29,25.767496,-80.187878,iPhone 13 Pro,2099,3000x2000
image_87.jpg,01/01/23 8:07,01/01/23 9:03,01/01/23 9:54,25.767186,-80.173331,Nikon D3500,3287,3000x2000
image_88.jpg,01/01/23 13:49,01/01/23 14:10,01/01/23 14:25,25.769269,-80.17205,Canon EOS 90D,7964,2560x1440
image_89.jpg,01/01/23 9:20,01/01/23 10:18,01/01/23 10:23,25.768675,-80.179496,Nikon D3500,1427,4000x3000
image_90.jpg,01/01/23 10:16,01/01/23 11:15,01/01/23 12:13,25.779346,-80.182373,iPhone 13 Pro,2661,3000x2000
image_91.jpg,01/01/23 10:28,01/01/23 11:23,01/01/23 12:19,25.765629,-80.186163,iPhone 13 Pro,1816,1920x1080
image_92.jpg,01/01/23 14:18,01/01/23 14:57,01/01/23 14:58,25.780526,-80.178911,iPhone 13 Pro,4670,1920x1080
image_93.jpg,01/01/23 10:45,01/01/23 11:28,01/01/23 11:57,25.772677,-80.18508,Nikon D3500,2301,4000x3000
image_94.jpg,01/01/23 16:45,01/01/23 17:14,01/01/23 17:50,25.767119,-80.185474,Canon EOS 90D,3204,1920x1080
image_95.jpg,01/01/23 17:05,01/01/23 17:23,01/01/23 18:14,25.773685,-80.179128,Canon EOS 90D,3134,3000x2000
image_96.jpg,01/01/23 17:19,01/01/23 18:11,01/01/23 18:56,25.770269,-80.174132,Canon EOS 90D,7360,1920x1080
image_97.jpg,01/01/23 17:45,01/01/23 18:30,01/01/23 18:47,25.780081,-80.176207,Canon EOS 90D,4340,4000x3000
image_98.jpg,01/01/23 15:29,01/01/23 15:50,01/01/23 16:22,25.775751,-80.183411,Canon EOS 90D,1075,3000x2000
image_99.jpg,01/01/23 8:06,01/01/23 8:50,01/01/23 9:27,25.780284,-80.180453,Canon EOS 90D,1383,2560x1440
image_100.jpg,01/01/23 10:15,01/01/23 10:54,01/01/23 11:50,25.764862,-80.187957,Canon EOS 90D,1586,1920x1080
image_101.jpg,01/01/23 14:15,01/01/23 14:17,01/01/23 14:42,25.772724,-80.176214,Samsung Galaxy S21,5032,2560x1440
image_102.jpg,01/01/23 14:04,01/01/23 14:38,01/01/23 14:47,25.781254,-80.186982,Nikon D3500,2998,3000x2000
image_103.jpg,01/01/23 11:12,01/01/23 12:01,01/01/23 12:46,25.773379,-80.186464,Nikon D3500,3348,2560x1440
image_104.jpg,01/01/23 12:06,01/01/23 12:47,01/01/23 13:14,25.77869,-80.175019,Samsung Galaxy S21,1697,3000x2000
image_105.jpg,01/01/23 17:24,01/01/23 17:39,01/01/23 18:04,25.767267,-80.173824,Nikon D3500,6244,2560x1440
image_106.jpg,01/01/23 9:07,01/01/23 9:12,01/01/23 10:09,25.779751,-80.184407,Canon EOS 90D,1891,3000x2000
image_107.jpg,01/01/23 13:44,01/01/23 14:35,01/01/23 14:46,25.765659,-80.189654,Canon EOS 90D,1154,1920x1080
image_108.jpg,01/01/23 12:54,01/01/23 13:09,01/01/23 13:21,25.776879,-80.187391,Nikon D3500,7661,1920x1080
image_109.jpg,01/01/23 10:49,01/01/23 11:23,01/01/23 11:52,25.765683,-80.175136,iPhone 13 Pro,6287,4000x3000
image_110.jpg,01/01/23 10:00,01/01/23 10:41,01/01/23 11:28,25.780945,-80.186194,Canon EOS 90D,5241,3000x2000
image_111.jpg,01/01/23 15:22,01/01/23 15:46,01/01/23 15:59,25.78087,-80.175358,iPhone 13 Pro,5009,2560x1440
image_112.jpg,01/01/23 16:46,01/01/23 17:37,01/01/23 18:20,25.776584,-80.178605,iPhone 13 Pro,6558,4000x3000
image_113.jpg,01/01/23 14:50,01/01/23 15:33,01/01/23 16:09,25.770041,-80.191529,Nikon D3500,5510,3000x2000
image_114.jpg,01/01/23 10:33,01/01/23 11:11,01/01/23 11:15,25.768566,-80.187977,Nikon D3500,6271,1920x1080
image_115.jpg,01/01/23 17:32,01/01/23 17:34,01/01/23 17:52,25.76948,-80.176202,Canon EOS 90D,3762,4000x3000
image_116.jpg,01/01/23 17:13,01/01/23 17:31,01/01/23 17:56,25.762835,-80.182728,Samsung Galaxy S21,3680,3000x2000
image_117.jpg,01/01/23 10:32,01/01/23 11:15,01/01/23 11:44,25.777503,-80.190832,iPhone 13 Pro,5854,2560x1440
image_118.jpg,01/01/23 16:47,01/01/23 17:18,01/01/23 18:11,25.77297,-80.182382,iPhone 13 Pro,4002,4000x3000
image_119.jpg,01/01/23 8:19,01/01/23 9:15,01/01/23 9:57,25.767006,-80.176061,iPhone 13 Pro,7510,1920x1080
image_120.jpg,01/01/23 11:01,01/01/23 11:07,01/01/23 11:12,25.765816,-80.185065,Nikon D3500,5962,3000x2000
image_121.jpg,01/01/23 8:22,01/01/23 8:26,01/01/23 9:02,25.773575,-80.189464,Nikon D3500,1894,2560x1440
image_122.jpg,01/01/23 10:01,01/01/23 10:50,01/01/23 11:31,25.762021,-80.187333,Canon EOS 90D,4024,1920x1080
image_123.jpg,01/01/23 16:48,01/01/23 17:11,01/01/23 17:27,25.779101,-80.182511,iPhone 13 Pro,7692,3000x2000
image_124.jpg,01/01/23 16:07,01/01/23 16:44,01/01/23 16:49,25.762091,-80.186914,Samsung Galaxy S21,1307,4000x3000
image_125.jpg,01/01/23 14:49,01/01/23 14:58,01/01/23 15:57,25.765312,-80.188281,Nikon D3500,7902,2560x1440
image_126.jpg,01/01/23 8:04,01/01/23 8:06,01/01/23 8:19,25.778053,-80.185014,iPhone 13 Pro,3395,1920x1080
image_127.jpg,01/01/23 17:15,01/01/23 17:58,01/01/23 18:31,25.780048,-80.187163,Canon EOS 90D,6043,1920x1080
image_128.jpg,01/01/23 17:59,01/01/23 18:33,01/01/23 19:20,25.7776,-80.189795,Nikon D3500,7568,4000x3000
image_129.jpg,01/01/23 12:38,01/01/23 13:04,01/01/23 13:40,25.776108,-80.183003,Canon EOS 90D,1267,2560x1440
image_130.jpg,01/01/23 12:53,01/01/23 13:07,01/01/23 13:28,25.774353,-80.191399,Canon EOS 90D,6791,3000x2000
image_131.jpg,01/01/23 13:26,01/01/23 14:04,01/01/23 15:01,25.765399,-80.175422,Nikon D3500,2538,1920x1080
image_132.jpg,01/01/23 13:10,01/01/23 13:58,01/01/23 14:57,25.765706,-80.179423,Samsung Galaxy S21,4052,2560x1440
image_133.jpg,01/01/23 16:48,01/01/23 17:43,01/01/23 18:06,25.767995,-80.191458,iPhone 13 Pro,6209,4000x3000
image_134.jpg,01/01/23 16:51,01/01/23 17:43,01/01/23 18:33,25.77185,-80.186474,Canon EOS 90D,2819,1920x1080
image_135.jpg,01/01/23 9:23,01/01/23 10:08,01/01/23 10:47,25.765968,-80.191223,iPhone 13 Pro,2852,2560x1440
image_136.jpg,01/01/23 8:21,01/01/23 9:10,01/01/23 9:41,25.772856,-80.182699,Nikon D3500,5206,1920x1080
image_137.jpg,01/01/23 9:17,01/01/23 9:23,01/01/23 9:24,25.771135,-80.17309,iPhone 13 Pro,7405,4000x3000
image_138.jpg,01/01/23 17:07,01/01/23 18:07,01/01/23 18:40,25.775221,-80.19115,Canon EOS 90D,1712,4000x3000
image_139.jpg,01/01/23 9:44,01/01/23 10:42,01/01/23 11:34,25.764178,-80.19073,iPhone 13 Pro,7729,1920x1080
image_140.jpg,01/01/23 17:47,01/01/23 18:44,01/01/23 19:24,25.765658,-80.175227,Samsung Galaxy S21,1471,4000x3000
image_141.jpg,01/01/23 12:58,01/01/23 13:04,01/01/23 14:03,25.769268,-80.184038,Samsung Galaxy S21,2193,3000x2000
image_142.jpg,01/01/23 10:33,01/01/23 11:07,01/01/23 12:05,25.779287,-80.182808,iPhone 13 Pro,4799,3000x2000
image_143.jpg,01/01/23 9:56,01/01/23 10:35,01/01/23 11:35,25.7676,-80.184772,iPhone 13 Pro,2524,2560x1440
image_144.jpg,01/01/23 10:08,01/01/23 10:11,01/01/23 10:43,25.764083,-80.184868,Canon EOS 90D,4920,3000x2000
image_145.jpg,01/01/23 9:12,01/01/23 9:19,01/01/23 10:13,25.775762,-80.18458,Nikon D3500,1791,4000x3000
image_146.jpg,01/01/23 11:43,01/01/23 12:42,01/01/23 13:33,25.764753,-80.174575,Samsung Galaxy S21,7871,4000x3000
image_147.jpg,01/01/23 10:31,01/01/23 11:07,01/01/23 12:07,25.769658,-80.176327,Nikon D3500,7815,4000x3000
image_148.jpg,01/01/23 17:10,01/01/23 17:24,01/01/23 17:51,25.77056,-80.185564,Samsung Galaxy S21,1584,3000x2000
image_149.jpg,01/01/23 10:52,01/01/23 11:15,01/01/23 11:20,25.774078,-80.17622,Canon EOS 90D,3321,4000x3000
image_150.jpg,01/01/23 14:54,01/01/23 15:05,01/01/23 16:01,25.762184,-80.176677,Canon EOS 90D,1498,3000x2000
image_151.jpg,01/01/23 9:56,01/01/23 9:58,01/01/23 10:07,25.766354,-80.189433,Samsung Galaxy S21,2066,2560x1440
image_152.jpg,01/01/23 11:26,01/01/23 11:37,01/01/23 11:45,25.775819,-80.172889,Samsung Galaxy S21,3537,2560x1440
image_153.jpg,01/01/23 17:23,01/01/23 17:24,01/01/23 17:42,25.764144,-80.190241,iPhone 13 Pro,7888,2560x1440
image_154.jpg,01/01/23 16:17,01/01/23 17:12,01/01/23 17:24,25.764373,-80.189451,Samsung Galaxy S21,7013,2560x1440
image_155.jpg,01/01/23 12:01,01/01/23 12:56,01/01/23 13:19,25.776419,-80.178675,iPhone 13 Pro,3862,3000x2000
image_156.jpg,01/01/23 15:11,01/01/23 15:44,01/01/23 15:47,25.768202,-80.179439,Nikon D3500,7596,4000x3000
image_157.jpg,01/01/23 16:27,01/01/23 17:06,01/01/23 17:25,25.77083,-80.184517,Nikon D3500,1142,3000x2000
image_158.jpg,01/01/23 16:59,01/01/23 17:57,01/01/23 18:55,25.775515,-80.17449,Nikon D3500,6843,1920x1080
image_159.jpg,01/01/23 13:07,01/01/23 14:01,01/01/23 14:34,25.767722,-80.19143,Canon EOS 90D,1757,2560x1440
image_160.jpg,01/01/23 17:16,01/01/23 17:30,01/01/23 17:37,25.765332,-80.180886,Samsung Galaxy S21,6281,1920x1080
image_161.jpg,01/01/23 11:40,01/01/23 12:33,01/01/23 13:27,25.769648,-80.184504,Samsung Galaxy S21,7037,1920x1080
image_162.jpg,01/01/23 14:50,01/01/23 15:46,01/01/23 15:51,25.764713,-80.179745,Canon EOS 90D,5912,3000x2000
image_163.jpg,01/01/23 10:59,01/01/23 11:53,01/01/23 12:31,25.778652,-80.173989,Nikon D3500,3952,2560x1440
image_164.jpg,01/01/23 10:29,01/01/23 11:12,01/01/23 11:21,25.771018,-80.173588,Samsung Galaxy S21,1560,1920x1080
image_165.jpg,01/01/23 13:25,01/01/23 14:21,01/01/23 15:00,25.778398,-80.179721,Nikon D3500,2455,4000x3000
image_166.jpg,01/01/23 14:41,01/01/23 14:44,01/01/23 15:35,25.770468,-80.182444,Samsung Galaxy S21,1913,2560x1440
image_167.jpg,01/01/23 11:01,01/01/23 11:46,01/01/23 12:29,25.773691,-80.182619,Canon EOS 90D,3663,2560x1440
image_168.jpg,01/01/23 16:45,01/01/23 16:46,01/01/23 17:14,25.773207,-80.191084,iPhone 13 Pro,1105,2560x1440
image_169.jpg,01/01/23 17:02,01/01/23 17:30,01/01/23 17:56,25.761719,-80.174054,Nikon D3500,3447,4000x3000
image_170.jpg,01/01/23 10:39,01/01/23 11:29,01/01/23 11:46,25.770352,-80.184848,iPhone 13 Pro,5743,1920x1080
image_171.jpg,01/01/23 14:18,01/01/23 15:14,01/01/23 15:21,25.78059,-80.174791,Nikon D3500,2623,4000x3000
image_172.jpg,01/01/23 12:20,01/01/23 12:57,01/01/23 13:07,25.778665,-80.171889,Nikon D3500,7239,2560x1440
image_173.jpg,01/01/23 16:04,01/01/23 16:13,01/01/23 16:16,25.763495,-80.189124,Nikon D3500,7076,4000x3000
image_174.jpg,01/01/23 17:36,01/01/23 17:37,01/01/23 17:49,25.766684,-80.172792,Nikon D3500,1597,4000x3000
image_175.jpg,01/01/23 8:30,01/01/23 8:55,01/01/23 8:58,25.77522,-80.180843,Nikon D3500,5158,2560x1440
image_176.jpg,01/01/23 14:33,01/01/23 14:49,01/01/23 15:12,25.769977,-80.172605,Nikon D3500,3550,3000x2000
image_177.jpg,01/01/23 13:51,01/01/23 14:02,01/01/23 14:33,25.768408,-80.173176,Canon EOS 90D,7998,3000x2000
image_178.jpg,01/01/23 9:55,01/01/23 10:45,01/01/23 11:28,25.774021,-80.1748,Canon EOS 90D,5494,3000x2000
image_179.jpg,01/01/23 16:40,01/01/23 16:51,01/01/23 17:01,25.763343,-80.182719,Samsung Galaxy S21,5938,4000x3000
image_180.jpg,01/01/23 14:10,01/01/23 15:01,01/01/23 15:37,25.779941,-80.17291,Nikon D3500,4616,1920x1080
image_181.jpg,01/01/23 15:03,01/01/23 15:31,01/01/23 15:45,25.772744,-80.173274,Samsung Galaxy S21,7644,1920x1080
image_182.jpg,01/01/23 15:51,01/01/23 16:41,01/01/23 17:18,25.780164,-80.181252,iPhone 13 Pro,3877,3000x2000
image_183.jpg,01/01/23 17:16,01/01/23 17:41,01/01/23 18:09,25.780442,-80.189313,Samsung Galaxy S21,3978,4000x3000
image_184.jpg,01/01/23 16:57,01/01/23 17:37,01/01/23 18:00,25.770355,-80.17888,Canon EOS 90D,6531,3000x2000
image_185.jpg,01/01/23 14:36,01/01/23 15:03,01/01/23 15:46,25.769122,-80.181904,Nikon D3500,2725,1920x1080
image_186.jpg,01/01/23 11:12,01/01/23 11:43,01/01/23 11:55,25.774461,-80.178263,Canon EOS 90D,7529,3000x2000
image_187.jpg,01/01/23 12:09,01/01/23 12:12,01/01/23 12:53,25.780966,-80.175977,Nikon D3500,1566,3000x2000
image_188.jpg,01/01/23 10:16,01/01/23 11:06,01/01/23 11:51,25.768619,-80.176213,Nikon D3500,1324,3000x2000
image_189.jpg,01/01/23 15:27,01/01/23 16:12,01/01/23 16:52,25.768288,-80.181404,Canon EOS 90D,4230,4000x3000
image_190.jpg,01/01/23 15:15,01/01/23 16:09,01/01/23 16:38,25.773799,-80.179002,Nikon D3500,6023,1920x1080
image_191.jpg,01/01/23 16:45,01/01/23 17:01,01/01/23 17:19,25.774428,-80.183468,iPhone 13 Pro,5062,1920x1080
image_192.jpg,01/01/23 12:52,01/01/23 13:42,01/01/23 14:06,25.768355,-80.191304,iPhone 13 Pro,3082,1920x1080
image_193.jpg,01/01/23 12:06,01/01/23 12:48,01/01/23 13:33,25.773849,-80.189299,iPhone 13 Pro,3265,2560x1440
image_194.jpg,01/01/23 12:42,01/01/23 13:13,01/01/23 13:16,25.771053,-80.179809,Canon EOS 90D,2922,2560x1440
image_195.jpg,01/01/23 9:39,01/01/23 9:54,01/01/23 10:17,25.774217,-80.182855,Nikon D3500,6882,1920x1080
image_196.jpg,01/01/23 9:49,01/01/23 10:11,01/01/23 10:54,25.778909,-80.178126,iPhone 13 Pro,6431,1920x1080
image_197.jpg,01/01/23 16:20,01/01/23 17:08,01/01/23 17:21,25.769144,-80.18495,iPhone 13 Pro,1812,4000x3000
image_198.jpg,01/01/23 16:00,01/01/23 16:26,01/01/23 17:25,25.762692,-80.187174,Canon EOS 90D,7905,3000x2000
image_199.jpg,01/01/23 8:38,01/01/23 9:00,01/01/23 9:26,25.767983,-80.174342,iPhone 13 Pro,7769,2560x1440
image_200.jpg,01/01/23 15:19,01/01/23 15:58,01/01/23 16:23,25.766287,-80.177803,iPhone 13 Pro,4980,2560x1440
image_201.jpg,01/01/23 12:19,01/01/23 12:31,01/01/23 13:21,25.777555,-80.172147,Samsung Galaxy S21,2891,3000x2000
image_202.jpg,01/01/23 17:24,01/01/23 18:03,01/01/23 18:28,25.779798,-80.183585,Canon EOS 90D,2838,2560x1440
image_203.jpg,01/01/23 15:04,01/01/23 15:47,01/01/23 16:33,25.774034,-80.181255,Nikon D3500,1864,1920x1080
image_204.jpg,01/01/23 13:33,01/01/23 13:46,01/01/23 14:34,25.768382,-80.183905,Samsung Galaxy S21,1437,4000x3000
image_205.jpg,01/01/23 13:20,01/01/23 14:04,01/01/23 14:38,25.777916,-80.184343,iPhone 13 Pro,3697,1920x1080
image_206.jpg,01/01/23 8:27,01/01/23 8:33,01/01/23 9:17,25.76981,-80.176714,iPhone 13 Pro,6996,3000x2000
image_207.jpg,01/01/23 17:06,01/01/23 17:47,01/01/23 17:58,25.767393,-80.188729,Samsung Galaxy S21,5868,4000x3000
image_208.jpg,01/01/23 17:06,01/01/23 18:02,01/01/23 18:50,25.777412,-80.183133,iPhone 13 Pro,2134,4000x3000
image_209.jpg,01/01/23 12:33,01/01/23 13:30,01/01/23 14:16,25.771876,-80.172686,iPhone 13 Pro,1077,1920x1080
image_210.jpg,01/01/23 11:40,01/01/23 12:01,01/01/23 12:45,25.775166,-80.178752,Nikon D3500,2971,1920x1080
image_211.jpg,01/01/23 13:40,01/01/23 14:07,01/01/23 14:11,25.771737,-80.185742,iPhone 13 Pro,5915,2560x1440
image_212.jpg,01/01/23 8:29,01/01/23 8:44,01/01/23 9:18,25.77565,-80.176077,iPhone 13 Pro,7375,1920x1080
image_213.jpg,01/01/23 9:11,01/01/23 9:17,01/01/23 10:12,25.767518,-80.177287,Nikon D3500,6197,4000x3000
image_214.jpg,01/01/23 11:07,01/01/23 11:10,01/01/23 12:06,25.775575,-80.187619,Nikon D3500,1546,1920x1080
image_215.jpg,01/01/23 12:56,01/01/23 13:48,01/01/23 14:02,25.776274,-80.187928,iPhone 13 Pro,2917,2560x1440
image_216.jpg,01/01/23 12:34,01/01/23 13:07,01/01/23 13:32,25.763071,-80.176912,Samsung Galaxy S21,3273,1920x1080
image_217.jpg,01/01/23 12:28,01/01/23 12:54,01/01/23 12:56,25.773972,-80.180084,iPhone 13 Pro,7075,2560x1440
image_218.jpg,01/01/23 14:04,01/01/23 14:13,01/01/23 14:56,25.771791,-80.185702,Samsung Galaxy S21,5571,1920x1080
image_219.jpg,01/01/23 15:35,01/01/23 16:26,01/01/23 17:17,25.772046,-80.179404,Canon EOS 90D,1877,4000x3000
image_220.jpg,01/01/23 15:15,01/01/23 15:35,01/01/23 16:03,25.772712,-80.174278,Nikon D3500,4920,4000x3000
image_221.jpg,01/01/23 10:25,01/01/23 11:20,01/01/23 12:08,25.768115,-80.186589,Nikon D3500,1342,3000x2000
image_222.jpg,01/01/23 13:20,01/01/23 13:20,01/01/23 14:02,25.77878,-80.185082,Canon EOS 90D,2506,4000x3000
image_223.jpg,01/01/23 14:32,01/01/23 15:08,01/01/23 16:08,25.770209,-80.181559,iPhone 13 Pro,4097,1920x1080
image_224.jpg,01/01/23 13:13,01/01/23 13:30,01/01/23 13:57,25.772363,-80.174393,Samsung Galaxy S21,4787,3000x2000
image_225.jpg,01/01/23 17:57,01/01/23 18:50,01/01/23 18:57,25.772308,-80.189189,Nikon D3500,2972,3000x2000
image_226.jpg,01/01/23 14:46,01/01/23 15:38,01/01/23 16:01,25.774803,-80.17662,Nikon D3500,3443,4000x3000
image_227.jpg,01/01/23 10:36,01/01/23 10:53,01/01/23 11:44,25.762753,-80.179251,Samsung Galaxy S21,1042,1920x1080
image_228.jpg,01/01/23 12:36,01/01/23 13:04,01/01/23 13:35,25.773678,-80.186545,Nikon D3500,2058,1920x1080
image_229.jpg,01/01/23 9:51,01/01/23 10:28,01/01/23 11:07,25.767613,-80.188644,iPhone 13 Pro,1419,1920x1080
image_230.jpg,01/01/23 9:44,01/01/23 9:51,01/01/23 10:19,25.777714,-80.175611,iPhone 13 Pro,1203,2560x1440
image_231.jpg,01/01/23 13:24,01/01/23 14:11,01/01/23 14:33,25.769575,-80.180406,Canon EOS 90D,5692,2560x1440
image_232.jpg,01/01/23 12:16,01/01/23 12:58,01/01/23 13:01,25.768934,-80.17434,iPhone 13 Pro,2830,3000x2000
image_233.jpg,01/01/23 16:58,01/01/23 17:53,01/01/23 18:24,25.762149,-80.179253,Nikon D3500,3651,3000x2000
image_234.jpg,01/01/23 8:59,01/01/23 9:12,01/01/23 9:51,25.775484,-80.188081,Samsung Galaxy S21,4823,4000x3000
image_235.jpg,01/01/23 12:21,01/01/23 12:51,01/01/23 13:26,25.765921,-80.188186,iPhone 13 Pro,4886,1920x1080
image_236.jpg,01/01/23 10:24,01/01/23 11:18,01/01/23 11:22,25.774784,-80.189676,Samsung Galaxy S21,6569,1920x1080
image_237.jpg,01/01/23 8:21,01/01/23 9:00,01/01/23 9:40,25.776238,-80.172694,Canon EOS 90D,6431,2560x1440
image_238.jpg,01/01/23 10:09,01/01/23 10:57,01/01/23 11:19,25.779525,-80.185216,Samsung Galaxy S21,7990,3000x2000
image_239.jpg,01/01/23 11:51,01/01/23 12:40,01/01/23 12:47,25.762602,-80.179582,Samsung Galaxy S21,3905,1920x1080
image_240.jpg,01/01/23 13:37,01/01/23 13:42,01/01/23 13:54,25.763211,-80.183646,Samsung Galaxy S21,7469,4000x3000
image_241.jpg,01/01/23 16:58,01/01/23 17:57,01/01/23 18:05,25.761962,-80.18909,Samsung Galaxy S21,5227,2560x1440
image_242.jpg,01/01/23 12:07,01/01/23 12:51,01/01/23 13:02,25.780257,-80.182319,Samsung Galaxy S21,7590,2560x1440
image_243.jpg,01/01/23 14:14,01/01/23 14:47,01/01/23 15:24,25.766828,-80.184477,iPhone 13 Pro,7830,1920x1080
image_244.jpg,01/01/23 16:26,01/01/23 16:41,01/01/23 16:45,25.763434,-80.18962,Canon EOS 90D,1600,1920x1080
image_245.jpg,01/01/23 16:43,01/01/23 17:32,01/01/23 17:33,25.766166,-80.181802,iPhone 13 Pro,6225,1920x1080
image_246.jpg,01/01/23 16:17,01/01/23 16:38,01/01/23 17:07,25.768491,-80.184094,Samsung Galaxy S21,1266,1920x1080
image_247.jpg,01/01/23 14:21,01/01/23 14:49,01/01/23 15:26,25.77978,-80.181074,Nikon D3500,5666,2560x1440
image_248.jpg,01/01/23 12:05,01/01/23 12:14,01/01/23 12:42,25.770901,-80.181337,iPhone 13 Pro,7123,2560x1440
image_249.jpg,01/01/23 8:32,01/01/23 8:45,01/01/23 9:41,25.772945,-80.178865,Nikon D3500,5269,3000x2000
image_250.jpg,01/01/23 14:56,01/01/23 15:45,01/01/23 16:28,25.780739,-80.189013,iPhone 13 Pro,7963,1920x1080
image_251.jpg,01/01/23 10:32,01/01/23 10:49,01/01/23 11:11,25.769793,-80.186835,Samsung Galaxy S21,6179,3000x2000
image_252.jpg,01/01/23 11:33,01/01/23 11:39,01/01/23 12:33,25.774115,-80.182052,Nikon D3500,7994,2560x1440
image_253.jpg,01/01/23 17:20,01/01/23 17:51,01/01/23 18:36,25.763302,-80.172465,Samsung Galaxy S21,2359,3000x2000
image_254.jpg,01/01/23 8:42,01/01/23 8:47,01/01/23 9:17,25.768076,-80.187458,iPhone 13 Pro,2980,2560x1440
image_255.jpg,01/01/23 17:03,01/01/23 17:38,01/01/23 18:29,25.77265,-80.174703,Nikon D3500,5360,2560x1440
image_256.jpg,01/01/23 17:35,01/01/23 17:37,01/01/23 17:52,25.765939,-80.179312,Canon EOS 90D,6994,2560x1440
image_257.jpg,01/01/23 16:29,01/01/23 17:00,01/01/23 17:39,25.77412,-80.172677,Canon EOS 90D,1334,4000x3000
image_258.jpg,01/01/23 12:16,01/01/23 13:02,01/01/23 13:56,25.775309,-80.17753,iPhone 13 Pro,5937,3000x2000
image_259.jpg,01/01/23 9:56,01/01/23 10:13,01/01/23 10:16,25.778469,-80.179178,iPhone 13 Pro,6611,4000x3000
image_260.jpg,01/01/23 16:19,01/01/23 16:59,01/01/23 17:07,25.762404,-80.191242,Samsung Galaxy S21,5512,2560x1440
image_261.jpg,01/01/23 17:54,01/01/23 18:27,01/01/23 18:46,25.77012,-80.175206,Samsung Galaxy S21,5767,1920x1080
image_262.jpg,01/01/23 12:05,01/01/23 12:12,01/01/23 12:54,25.777665,-80.188219,iPhone 13 Pro,1797,3000x2000
image_263.jpg,01/01/23 12:35,01/01/23 13:25,01/01/23 13:42,25.765831,-80.187669,iPhone 13 Pro,2437,2560x1440
image_264.jpg,01/01/23 9:15,01/01/23 9:18,01/01/23 10:06,25.768292,-80.182577,iPhone 13 Pro,1792,4000x3000
image_265.jpg,01/01/23 8:41,01/01/23 8:47,01/01/23 8:56,25.761772,-80.190556,Samsung Galaxy S21,4506,1920x1080
image_266.jpg,01/01/23 17:22,01/01/23 17:49,01/01/23 18:11,25.763662,-80.17704,Canon EOS 90D,2647,1920x1080
image_267.jpg,01/01/23 16:59,01/01/23 17:15,01/01/23 18:13,25.776603,-80.181257,Canon EOS 90D,5081,2560x1440
image_268.jpg,01/01/23 10:11,01/01/23 10:11,01/01/23 10:57,25.766547,-80.189205,Nikon D3500,5854,1920x1080
image_269.jpg,01/01/23 17:34,01/01/23 18:11,01/01/23 18:34,25.770259,-80.17346,iPhone 13 Pro,4572,2560x1440
image_270.jpg,01/01/23 8:10,01/01/23 8:55,01/01/23 9:53,25.781579,-80.17764,Samsung Galaxy S21,7254,3000x2000
image_271.jpg,01/01/23 12:34,01/01/23 13:05,01/01/23 13:34,25.765621,-80.174342,iPhone 13 Pro,5926,2560x1440
image_272.jpg,01/01/23 17:42,01/01/23 18:02,01/01/23 18:31,25.766767,-80.182425,Samsung Galaxy S21,7794,2560x1440
image_273.jpg,01/01/23 14:56,01/01/23 15:28,01/01/23 15:33,25.772044,-80.184875,Samsung Galaxy S21,6847,3000x2000
image_274.jpg,01/01/23 13:13,01/01/23 14:01,01/01/23 15:00,25.774022,-80.178432,Nikon D3500,1599,3000x2000
image_275.jpg,01/01/23 14:35,01/01/23 15:22,01/01/23 15:32,25.778661,-80.185818,Canon EOS 90D,3447,3000x2000
image_276.jpg,01/01/23 17:45,01/01/23 17:50,01/01/23 18:25,25.762974,-80.191697,iPhone 13 Pro,1836,1920x1080
image_277.jpg,01/01/23 12:29,01/01/23 12:43,01/01/23 12:43,25.767763,-80.180705,Samsung Galaxy S21,1548,3000x2000
image_278.jpg,01/01/23 12:24,01/01/23 12:56,01/01/23 13:07,25.771105,-80.182153,Canon EOS 90D,4474,1920x1080
image_279.jpg,01/01/23 11:21,01/01/23 11:47,01/01/23 11:57,25.777251,-80.180581,Canon EOS 90D,5756,3000x2000
image_280.jpg,01/01/23 11:44,01/01/23 12:06,01/01/23 12:28,25.764877,-80.175181,Nikon D3500,6142,1920x1080
image_281.jpg,01/01/23 13:14,01/01/23 13:17,01/01/23 13:48,25.764439,-80.183684,iPhone 13 Pro,2077,4000x3000
image_282.jpg,01/01/23 11:25,01/01/23 12:04,01/01/23 12:57,25.765331,-80.189457,Canon EOS 90D,3859,1920x1080
image_283.jpg,01/01/23 15:32,01/01/23 15:47,01/01/23 16:29,25.773431,-80.190354,Canon EOS 90D,2711,1920x1080
image_284.jpg,01/01/23 16:01,01/01/23 16:15,01/01/23 17:08,25.770108,-80.181076,Nikon D3500,1191,1920x1080
image_285.jpg,01/01/23 13:47,01/01/23 14:23,01/01/23 15:23,25.776885,-80.18502,Canon EOS 90D,2796,4000x3000
image_286.jpg,01/01/23 16:23,01/01/23 17:08,01/01/23 17:32,25.763253,-80.184071,Samsung Galaxy S21,1060,1920x1080
image_287.jpg,01/01/23 16:46,01/01/23 17:10,01/01/23 17:16,25.772216,-80.180311,iPhone 13 Pro,7219,3000x2000
image_288.jpg,01/01/23 10:46,01/01/23 10:49,01/01/23 11:10,25.777306,-80.18045,iPhone 13 Pro,2116,1920x1080
image_289.jpg,01/01/23 17:36,01/01/23 18:01,01/01/23 19:01,25.767428,-80.177491,Canon EOS 90D,4995,4000x3000
image_290.jpg,01/01/23 14:23,01/01/23 14:23,01/01/23 15:00,25.778677,-80.183824,Nikon D3500,4870,2560x1440
image_291.jpg,01/01/23 15:22,01/01/23 15:42,01/01/23 16:19,25.777915,-80.188581,iPhone 13 Pro,3690,2560x1440
image_292.jpg,01/01/23 15:17,01/01/23 15:41,01/01/23 15:50,25.771571,-80.182855,Canon EOS 90D,1132,2560x1440
image_293.jpg,01/01/23 10:54,01/01/23 11:16,01/01/23 11:25,25.767496,-80.180458,Nikon D3500,4280,2560x1440
image_294.jpg,01/01/23 13:20,01/01/23 13:39,01/01/23 14:02,25.771177,-80.182614,iPhone 13 Pro,4683,1920x1080
image_295.jpg,01/01/23 9:17,01/01/23 10:06,01/01/23 10:31,25.780345,-80.173238,Samsung Galaxy S21,3612,2560x1440
image_296.jpg,01/01/23 14:44,01/01/23 15:15,01/01/23 15:31,25.778782,-80.179001,Canon EOS 90D,7694,3000x2000
image_297.jpg,01/01/23 11:57,01/01/23 11:59,01/01/23 12:01,25.769624,-80.17815,iPhone 13 Pro,2095,3000x2000
image_298.jpg,01/01/23 15:57,01/01/23 16:37,01/01/23 17:07,25.7697,-80.17786,Nikon D3500,3770,1920x1080
image_299.jpg,01/01/23 8:20,01/01/23 9:18,01/01/23 9:48,25.778849,-80.186102,Samsung Galaxy S21,5426,1920x1080
image_300.jpg,01/01/23 14:16,01/01/23 14:42,01/01/23 14:50,25.770504,-80.17587,iPhone 13 Pro,5740,3000x2000
image_301.jpg,01/01/23 12:12,01/01/23 12:39,01/01/23 13:21,25.767957,-80.184126,Samsung Galaxy S21,3833,4000x3000
image_302.jpg,01/01/23 12:33,01/01/23 13:24,01/01/23 14:14,25.765685,-80.17965,Nikon D3500,6924,1920x1080
image_303.jpg,01/01/23 17:10,01/01/23 17:34,01/01/23 18:17,25.779656,-80.179328,Samsung Galaxy S21,6120,4000x3000
image_304.jpg,01/01/23 15:13,01/01/23 16:08,01/01/23 16:09,25.778966,-80.177717,Samsung Galaxy S21,4544,3000x2000
image_305.jpg,01/01/23 15:51,01/01/23 16:21,01/01/23 17:09,25.779808,-80.181103,Nikon D3500,6594,2560x1440
image_306.jpg,01/01/23 17:37,01/01/23 17:44,01/01/23 17:52,25.769006,-80.176451,Nikon D3500,3592,4000x3000
image_307.jpg,01/01/23 15:57,01/01/23 16:38,01/01/23 16:58,25.764689,-80.175444,Canon EOS 90D,3640,4000x3000
image_308.jpg,01/01/23 8:16,01/01/23 8:35,01/01/23 8:43,25.772272,-80.181405,Nikon D3500,3876,3000x2000
image_309.jpg,01/01/23 8:42,01/01/23 9:33,01/01/23 9:42,25.77204,-80.180843,Samsung Galaxy S21,4157,3000x2000
image_310.jpg,01/01/23 11:19,01/01/23 11:33,01/01/23 12:16,25.773356,-80.179254,iPhone 13 Pro,6578,2560x1440
image_311.jpg,01/01/23 16:32,01/01/23 17:19,01/01/23 17:27,25.779161,-80.189495,iPhone 13 Pro,5073,2560x1440
image_312.jpg,01/01/23 10:42,01/01/23 11:35,01/01/23 12:10,25.770837,-80.181537,Canon EOS 90D,2099,3000x2000
image_313.jpg,01/01/23 10:36,01/01/23 11:17,01/01/23 11:18,25.774767,-80.18705,Canon EOS 90D,3354,3000x2000
image_314.jpg,01/01/23 9:15,01/01/23 9:40,01/01/23 9:41,25.766844,-80.184574,Nikon D3500,5369,1920x1080
image_315.jpg,01/01/23 8:29,01/01/23 9:04,01/01/23 9:37,25.772405,-80.190266,Canon EOS 90D,7348,4000x3000
image_316.jpg,01/01/23 11:17,01/01/23 12:07,01/01/23 12:45,25.770757,-80.188286,Nikon D3500,4662,2560x1440
image_317.jpg,01/01/23 14:16,01/01/23 14:52,01/01/23 15:13,25.773784,-80.185559,Canon EOS 90D,6481,2560x1440
image_318.jpg,01/01/23 13:28,01/01/23 13:35,01/01/23 13:40,25.764345,-80.180233,Samsung Galaxy S21,3048,3000x2000
image_319.jpg,01/01/23 10:43,01/01/23 11:06,01/01/23 11:50,25.780364,-80.189762,Canon EOS 90D,5025,4000x3000
image_320.jpg,01/01/23 9:51,01/01/23 10:38,01/01/23 11:14,25.764174,-80.178079,iPhone 13 Pro,5576,4000x3000
image_321.jpg,01/01/23 14:48,01/01/23 15:38,01/01/23 15:46,25.775294,-80.18694,iPhone 13 Pro,1972,1920x1080
image_322.jpg,01/01/23 8:07,01/01/23 8:10,01/01/23 8:59,25.767285,-80.186624,Nikon D3500,1461,2560x1440
image_323.jpg,01/01/23 12:51,01/01/23 13:17,01/01/23 13:52,25.764752,-80.189997,iPhone 13 Pro,1831,4000x3000
image_324.jpg,01/01/23 12:53,01/01/23 13:45,01/01/23 14:32,25.765073,-80.181334,Samsung Galaxy S21,2761,2560x1440
image_325.jpg,01/01/23 9:08,01/01/23 9:14,01/01/23 9:18,25.765544,-80.186713,Nikon D3500,5166,4000x3000
image_326.jpg,01/01/23 10:18,01/01/23 10:32,01/01/23 11:20,25.780799,-80.172151,Canon EOS 90D,1575,1920x1080
image_327.jpg,01/01/23 16:31,01/01/23 17:04,01/01/23 17:16,25.780292,-80.17421,iPhone 13 Pro,5604,1920x1080
image_328.jpg,01/01/23 16:53,01/01/23 17:26,01/01/23 17:59,25.777386,-80.186078,Canon EOS 90D,6740,2560x1440
image_329.jpg,01/01/23 9:51,01/01/23 9:56,01/01/23 10:45,25.771816,-80.179223,Nikon D3500,7402,4000x3000
image_330.jpg,01/01/23 10:54,01/01/23 11:52,01/01/23 12:16,25.772409,-80.175393,Samsung Galaxy S21,1983,4000x3000
image_331.jpg,01/01/23 16:53,01/01/23 17:09,01/01/23 17:31,25.772262,-80.181517,Samsung Galaxy S21,6901,1920x1080
image_332.jpg,01/01/23 9:04,01/01/23 9:51,01/01/23 10:31,25.780982,-80.172689,iPhone 13 Pro,5803,4000x3000
image_333.jpg,01/01/23 9:32,01/01/23 10:25,01/01/23 11:05,25.763914,-80.1879,Nikon D3500,5499,2560x1440
image_334.jpg,01/01/23 8:02,01/01/23 8:09,01/01/23 8:27,25.775506,-80.19103,Nikon D3500,7070,1920x1080
image_335.jpg,01/01/23 13:57,01/01/23 14:17,01/01/23 14:22,25.774532,-80.182334,iPhone 13 Pro,7794,1920x1080
image_336.jpg,01/01/23 13:53,01/01/23 14:37,01/01/23 14:44,25.774891,-80.179426,Nikon D3500,6605,4000x3000
image_337.jpg,01/01/23 12:26,01/01/23 13:14,01/01/23 14:04,25.768534,-80.189963,Nikon D3500,1483,2560x1440
image_338.jpg,01/01/23 11:08,01/01/23 12:08,01/01/23 12:34,25.767319,-80.18518,Samsung Galaxy S21,5827,1920x1080
image_339.jpg,01/01/23 16:15,01/01/23 16:20,01/01/23 16:36,25.76736,-80.190258,Samsung Galaxy S21,6927,1920x1080
image_340.jpg,01/01/23 11:29,01/01/23 12:27,01/01/23 13:04,25.776459,-80.179203,iPhone 13 Pro,6976,2560x1440
image_341.jpg,01/01/23 8:26,01/01/23 9:20,01/01/23 9:30,25.770191,-80.179197,Samsung Galaxy S21,5909,3000x2000
image_342.jpg,01/01/23 11:47,01/01/23 12:34,01/01/23 13:16,25.769663,-80.18347,iPhone 13 Pro,6559,3000x2000
image_343.jpg,01/01/23 12:39,01/01/23 12:57,01/01/23 13:18,25.763218,-80.188911,Samsung Galaxy S21,2961,4000x3000
image_344.jpg,01/01/23 16:48,01/01/23 16:50,01/01/23 17:00,25.762087,-80.17352,Samsung Galaxy S21,5795,3000x2000
image_345.jpg,01/01/23 16:21,01/01/23 16:28,01/01/23 16:32,25.777952,-80.184811,Canon EOS 90D,5731,4000x3000
image_346.jpg,01/01/23 15:36,01/01/23 16:07,01/01/23 16:08,25.778896,-80.190495,Nikon D3500,2948,3000x2000
image_347.jpg,01/01/23 10:27,01/01/23 11:10,01/01/23 11:28,25.7805,-80.187103,Samsung Galaxy S21,3112,4000x3000
image_348.jpg,01/01/23 14:24,01/01/23 14:41,01/01/23 15:14,25.780609,-80.184402,Samsung Galaxy S21,6740,1920x1080
image_349.jpg,01/01/23 14:57,01/01/23 15:28,01/01/23 15:36,25.780968,-80.175011,Canon EOS 90D,5200,2560x1440
image_350.jpg,01/01/23 8:19,01/01/23 8:52,01/01/23 9:23,25.765317,-80.179226,iPhone 13 Pro,6398,1920x1080
image_351.jpg,01/01/23 17:23,01/01/23 18:23,01/01/23 19:08,25.771592,-80.189059,Samsung Galaxy S21,1799,4000x3000
image_352.jpg,01/01/23 10:47,01/01/23 11:34,01/01/23 12:27,25.775345,-80.176243,Nikon D3500,7098,1920x1080
image_353.jpg,01/01/23 8:44,01/01/23 9:08,01/01/23 10:02,25.767053,-80.191741,iPhone 13 Pro,4434,2560x1440
image_354.jpg,01/01/23 14:41,01/01/23 15:18,01/01/23 16:03,25.764602,-80.184583,Canon EOS 90D,6654,1920x1080
image_355.jpg,01/01/23 8:01,01/01/23 8:35,01/01/23 8:46,25.771055,-80.178159,iPhone 13 Pro,3856,3000x2000
image_356.jpg,01/01/23 16:35,01/01/23 17:03,01/01/23 17:40,25.780001,-80.188022,Canon EOS 90D,5209,3000x2000
image_357.jpg,01/01/23 8:41,01/01/23 9:23,01/01/23 10:23,25.767252,-80.187146,Samsung Galaxy S21,7457,3000x2000
image_358.jpg,01/01/23 11:53,01/01/23 12:12,01/01/23 12:40,25.76435,-80.173685,iPhone 13 Pro,7631,4000x3000
image_359.jpg,01/01/23 16:31,01/01/23 17:01,01/01/23 17:08,25.781431,-80.171945,Nikon D3500,5849,2560x1440
image_360.jpg,01/01/23 16:08,01/01/23 16:47,01/01/23 17:05,25.764311,-80.182422,Nikon D3500,5081,4000x3000
image_361.jpg,01/01/23 10:55,01/01/23 11:47,01/01/23 12:24,25.76711,-80.183582,Samsung Galaxy S21,1630,3000x2000
image_362.jpg,01/01/23 10:49,01/01/23 11:22,01/01/23 11:56,25.771018,-80.179723,Canon EOS 90D,6693,1920x1080
image_363.jpg,01/01/23 14:00,01/01/23 14:30,01/01/23 14:45,25.777477,-80.187462,iPhone 13 Pro,3785,4000x3000
image_364.jpg,01/01/23 12:55,01/01/23 13:35,01/01/23 14:03,25.770866,-80.184416,Canon EOS 90D,2370,3000x2000
image_365.jpg,01/01/23 15:15,01/01/23 16:06,01/01/23 16:08,25.775452,-80.183979,Nikon D3500,3352,1920x1080
image_366.jpg,01/01/23 17:22,01/01/23 17:28,01/01/23 17:49,25.769019,-80.180525,Canon EOS 90D,4120,1920x1080
image_367.jpg,01/01/23 9:49,01/01/23 9:53,01/01/23 10:31,25.769347,-80.185457,Nikon D3500,7542,2560x1440
image_368.jpg,01/01/23 13:10,01/01/23 13:15,01/01/23 13:50,25.775606,-80.176298,Nikon D3500,4392,2560x1440
image_369.jpg,01/01/23 10:15,01/01/23 10:38,01/01/23 11:00,25.778205,-80.181288,Canon EOS 90D,1325,2560x1440
image_370.jpg,01/01/23 16:41,01/01/23 16:41,01/01/23 17:28,25.767536,-80.175238,Nikon D3500,2128,4000x3000
image_371.jpg,01/01/23 9:13,01/01/23 9:23,01/01/23 9:31,25.776306,-80.173206,iPhone 13 Pro,4135,2560x1440
image_372.jpg,01/01/23 12:57,01/01/23 13:09,01/01/23 13:47,25.774006,-80.182279,Samsung Galaxy S21,5499,2560x1440
image_373.jpg,01/01/23 14:34,01/01/23 15:26,01/01/23 15:47,25.779758,-80.190234,Samsung Galaxy S21,6860,3000x2000
image_374.jpg,01/01/23 10:30,01/01/23 11:18,01/01/23 11:35,25.774966,-80.18966,Samsung Galaxy S21,7659,2560x1440
image_375.jpg,01/01/23 14:19,01/01/23 14:36,01/01/23 14:55,25.776443,-80.178991,Samsung Galaxy S21,6631,3000x2000
image_376.jpg,01/01/23 11:25,01/01/23 12:14,01/01/23 12:15,25.773429,-80.190072,Canon EOS 90D,1794,2560x1440
image_377.jpg,01/01/23 10:13,01/01/23 10:21,01/01/23 10:30,25.779158,-80.188326,Canon EOS 90D,5470,1920x1080
image_378.jpg,01/01/23 9:26,01/01/23 9:50,01/01/23 10:47,25.781227,-80.190475,Samsung Galaxy S21,2901,3000x2000
image_379.jpg,01/01/23 11:33,01/01/23 11:47,01/01/23 12:18,25.773377,-80.177794,Nikon D3500,2170,4000x3000
image_380.jpg,01/01/23 16:10,01/01/23 16:30,01/01/23 16:36,25.765199,-80.186013,Nikon D3500,2674,4000x3000
image_381.jpg,01/01/23 9:59,01/01/23 10:28,01/01/23 10:45,25.764066,-80.182857,Canon EOS 90D,5029,4000x3000
image_382.jpg,01/01/23 13:40,01/01/23 14:40,01/01/23 15:03,25.765786,-80.173375,Samsung Galaxy S21,8000,4000x3000
image_383.jpg,01/01/23 14:16,01/01/23 15:02,01/01/23 15:55,25.779382,-80.179824,iPhone 13 Pro,2950,2560x1440
image_384.jpg,01/01/23 9:27,01/01/23 10:02,01/01/23 10:34,25.774258,-80.184435,iPhone 13 Pro,3602,2560x1440
image_385.jpg,01/01/23 17:23,01/01/23 18:15,01/01/23 19:13,25.767632,-80.190629,iPhone 13 Pro,6725,1920x1080
image_386.jpg,01/01/23 12:01,01/01/23 12:55,01/01/23 12:57,25.763319,-80.178572,Nikon D3500,3801,2560x1440
image_387.jpg,01/01/23 14:48,01/01/23 15:42,01/01/23 16:24,25.770616,-80.187054,iPhone 13 Pro,2724,1920x1080
image_388.jpg,01/01/23 15:16,01/01/23 16:02,01/01/23 16:29,25.779185,-80.177087,iPhone 13 Pro,4665,4000x3000
image_389.jpg,01/01/23 9:29,01/01/23 10:16,01/01/23 10:46,25.778688,-80.178631,Canon EOS 90D,3976,3000x2000
image_390.jpg,01/01/23 16:45,01/01/23 16:45,01/01/23 17:32,25.771854,-80.18055,Nikon D3500,2561,2560x1440
image_391.jpg,01/01/23 11:19,01/01/23 11:36,01/01/23 11:50,25.765716,-80.187967,Nikon D3500,1348,2560x1440
image_392.jpg,01/01/23 9:41,01/01/23 9:41,01/01/23 9:47,25.779958,-80.178948,iPhone 13 Pro,7101,3000x2000
image_393.jpg,01/01/23 15:01,01/01/23 15:30,01/01/23 16:00,25.776035,-80.172239,Canon EOS 90D,6996,4000x3000
image_394.jpg,01/01/23 17:41,01/01/23 17:49,01/01/23 18:21,25.770526,-80.177422,Nikon D3500,2786,3000x2000
image_395.jpg,01/01/23 15:14,01/01/23 16:12,01/01/23 16:57,25.775426,-80.182255,Samsung Galaxy S21,6130,4000x3000
image_396.jpg,01/01/23 8:52,01/01/23 9:24,01/01/23 9:42,25.764938,-80.174836,Canon EOS 90D,2058,2560x1440
image_397.jpg,01/01/23 13:14,01/01/23 13:36,01/01/23 14:35,25.773861,-80.178316,iPhone 13 Pro,6788,4000x3000
image_398.jpg,01/01/23 15:54,01/01/23 15:59,01/01/23 16:17,25.766947,-80.183847,iPhone 13 Pro,3825,1920x1080
image_399.jpg,01/01/23 8:21,01/01/23 9:02,01/01/23 9:21,25.762088,-80.176387,Nikon D3500,2700,2560x1440
image_400.jpg,01/01/23 9:42,01/01/23 10:38,01/01/23 11:34,25.76657,-80.186676,iPhone 13 Pro,2175,2560x1440
image_401.jpg,01/01/23 16:07,01/01/23 16:24,01/01/23 17:12,25.774553,-80.180114,Samsung Galaxy S21,3126,3000x2000
image_402.jpg,01/01/23 14:44,01/01/23 15:15,01/01/23 16:04,25.765956,-80.172566,Samsung Galaxy S21,3132,1920x1080
image_403.jpg,01/01/23 13:52,01/01/23 14:33,01/01/23 14:52,25.773932,-80.182891,iPhone 13 Pro,1597,4000x3000
image_404.jpg,01/01/23 17:49,01/01/23 18:35,01/01/23 18:53,25.776928,-80.174497,Samsung Galaxy S21,7224,4000x3000
image_405.jpg,01/01/23 12:01,01/01/23 13:01,01/01/23 13:33,25.781621,-80.174098,Nikon D3500,1156,1920x1080
image_406.jpg,01/01/23 15:39,01/01/23 16:02,01/01/23 16:43,25.763271,-80.18589,Samsung Galaxy S21,3210,4000x3000
image_407.jpg,01/01/23 12:53,01/01/23 13:08,01/01/23 13:26,25.774793,-80.191451,iPhone 13 Pro,3648,1920x1080
image_408.jpg,01/01/23 8:22,01/01/23 8:51,01/01/23 9:27,25.776599,-80.182204,Nikon D3500,3260,2560x1440
image_409.jpg,01/01/23 14:52,01/01/23 15:44,01/01/23 16:26,25.770851,-80.179702,Samsung Galaxy S21,2885,1920x1080
image_410.jpg,01/01/23 13:06,01/01/23 13:28,01/01/23 13:50,25.769088,-80.186174,Canon EOS 90D,1004,3000x2000
image_411.jpg,01/01/23 13:48,01/01/23 14:24,01/01/23 14:33,25.764848,-80.189141,Canon EOS 90D,6445,3000x2000
image_412.jpg,01/01/23 9:45,01/01/23 10:26,01/01/23 10:38,25.766045,-80.183885,Nikon D3500,3216,1920x1080
image_413.jpg,01/01/23 9:53,01/01/23 10:29,01/01/23 11:26,25.768619,-80.191502,Nikon D3500,3956,1920x1080
image_414.jpg,01/01/23 13:40,01/01/23 14:36,01/01/23 15:20,25.768097,-80.189283,iPhone 13 Pro,1755,1920x1080
image_415.jpg,01/01/23 12:40,01/01/23 12:47,01/01/23 13:06,25.762721,-80.17304,Canon EOS 90D,3539,2560x1440
image_416.jpg,01/01/23 9:12,01/01/23 9:40,01/01/23 9:58,25.763248,-80.182015,Canon EOS 90D,7548,1920x1080
image_417.jpg,01/01/23 16:13,01/01/23 16:29,01/01/23 17:10,25.763605,-80.174513,iPhone 13 Pro,6790,3000x2000
image_418.jpg,01/01/23 12:23,01/01/23 13:04,01/01/23 13:07,25.770519,-80.184364,Nikon D3500,4108,3000x2000
image_419.jpg,01/01/23 15:29,01/01/23 16:27,01/01/23 17:20,25.773829,-80.177171,Nikon D3500,5812,1920x1080
image_420.jpg,01/01/23 16:31,01/01/23 16:40,01/01/23 16:45,25.762057,-80.178261,Nikon D3500,6846,1920x1080
image_421.jpg,01/01/23 9:13,01/01/23 10:06,01/01/23 10:57,25.770959,-80.175945,Canon EOS 90D,4383,1920x1080
image_422.jpg,01/01/23 11:29,01/01/23 11:59,01/01/23 12:31,25.765459,-80.182448,iPhone 13 Pro,3776,4000x3000
image_423.jpg,01/01/23 12:56,01/01/23 13:39,01/01/23 14:16,25.775083,-80.17242,Canon EOS 90D,4387,2560x1440
image_424.jpg,01/01/23 13:11,01/01/23 13:23,01/01/23 13:32,25.762839,-80.188671,Canon EOS 90D,5516,4000x3000
image_425.jpg,01/01/23 15:57,01/01/23 16:43,01/01/23 17:41,25.776829,-80.189028,Samsung Galaxy S21,6070,4000x3000
image_426.jpg,01/01/23 13:24,01/01/23 13:41,01/01/23 13:55,25.780879,-80.185975,Samsung Galaxy S21,5051,1920x1080
image_427.jpg,01/01/23 12:40,01/01/23 13:26,01/01/23 13:43,25.77752,-80.187465,Nikon D3500,6575,1920x1080
image_428.jpg,01/01/23 14:29,01/01/23 14:30,01/01/23 15:19,25.770555,-80.190225,Canon EOS 90D,3448,2560x1440
image_429.jpg,01/01/23 15:10,01/01/23 15:13,01/01/23 16:00,25.762071,-80.176492,Canon EOS 90D,3464,3000x2000
image_430.jpg,01/01/23 11:49,01/01/23 11:59,01/01/23 12:54,25.765325,-80.175828,Canon EOS 90D,6090,2560x1440
image_431.jpg,01/01/23 14:30,01/01/23 14:48,01/01/23 15:25,25.768429,-80.181432,Nikon D3500,3932,1920x1080
image_432.jpg,01/01/23 9:02,01/01/23 9:34,01/01/23 9:41,25.777491,-80.188384,Canon EOS 90D,6048,1920x1080
image_433.jpg,01/01/23 14:23,01/01/23 15:13,01/01/23 16:12,25.774341,-80.181729,iPhone 13 Pro,4887,3000x2000
image_434.jpg,01/01/23 8:18,01/01/23 9:00,01/01/23 9:02,25.773571,-80.173292,iPhone 13 Pro,7452,3000x2000
image_435.jpg,01/01/23 13:09,01/01/23 14:05,01/01/23 14:25,25.780357,-80.188865,Nikon D3500,3642,4000x3000
image_436.jpg,01/01/23 14:27,01/01/23 15:21,01/01/23 16:18,25.769363,-80.180786,Canon EOS 90D,6303,2560x1440
image_437.jpg,01/01/23 8:02,01/01/23 8:06,01/01/23 8:11,25.77452,-80.176511,iPhone 13 Pro,4147,3000x2000
image_438.jpg,01/01/23 12:53,01/01/23 13:44,01/01/23 14:38,25.776284,-80.188067,Canon EOS 90D,5962,2560x1440
image_439.jpg,01/01/23 9:21,01/01/23 9:37,01/01/23 10:07,25.777495,-80.183264,Canon EOS 90D,4174,3000x2000
image_440.jpg,01/01/23 12:47,01/01/23 13:08,01/01/23 14:04,25.765631,-80.189471,Samsung Galaxy S21,3598,4000x3000
image_441.jpg,01/01/23 15:05,01/01/23 15:53,01/01/23 16:43,25.778232,-80.182227,Nikon D3500,1786,1920x1080
image_442.jpg,01/01/23 17:23,01/01/23 17:46,01/01/23 18:16,25.780949,-80.188877,Samsung Galaxy S21,6011,1920x1080
image_443.jpg,01/01/23 15:55,01/01/23 16:24,01/01/23 17:13,25.766086,-80.184298,Canon EOS 90D,1623,2560x1440
image_444.jpg,01/01/23 15:14,01/01/23 15:37,01/01/23 15:52,25.780462,-80.190623,iPhone 13 Pro,3976,2560x1440
image_445.jpg,01/01/23 11:37,01/01/23 12:31,01/01/23 13:31,25.762527,-80.18287,iPhone 13 Pro,5764,4000x3000
image_446.jpg,01/01/23 8:09,01/01/23 8:46,01/01/23 8:46,25.780136,-80.176567,Nikon D3500,7070,4000x3000
image_447.jpg,01/01/23 11:47,01/01/23 12:22,01/01/23 13:12,25.763755,-80.184503,iPhone 13 Pro,5740,2560x1440
image_448.jpg,01/01/23 9:21,01/01/23 9:57,01/01/23 10:52,25.765057,-80.179643,Nikon D3500,3336,3000x2000
image_449.jpg,01/01/23 8:06,01/01/23 8:33,01/01/23 8:58,25.761842,-80.177563,Canon EOS 90D,4273,3000x2000
image_450.jpg,01/01/23 13:16,01/01/23 13:46,01/01/23 14:24,25.771179,-80.189719,Canon EOS 90D,2669,4000x3000
image_451.jpg,01/01/23 16:01,01/01/23 16:28,01/01/23 16:59,25.76944,-80.182972,iPhone 13 Pro,5165,1920x1080
image_452.jpg,01/01/23 8:55,01/01/23 9:01,01/01/23 9:20,25.775819,-80.179492,Canon EOS 90D,1666,4000x3000
image_453.jpg,01/01/23 15:53,01/01/23 16:34,01/01/23 17:11,25.770615,-80.17358,Nikon D3500,7911,1920x1080
image_454.jpg,01/01/23 16:54,01/01/23 17:20,01/01/23 17:43,25.779692,-80.188231,Nikon D3500,5354,3000x2000
image_455.jpg,01/01/23 16:44,01/01/23 17:41,01/01/23 18:36,25.77441,-80.180045,iPhone 13 Pro,6841,2560x1440
image_456.jpg,01/01/23 15:15,01/01/23 15:18,01/01/23 16:03,25.764885,-80.18045,iPhone 13 Pro,4530,1920x1080
image_457.jpg,01/01/23 9:34,01/01/23 10:29,01/01/23 11:06,25.774092,-80.191253,Nikon D3500,3257,4000x3000
image_458.jpg,01/01/23 9:36,01/01/23 10:28,01/01/23 11:02,25.778789,-80.175071,Nikon D3500,3072,1920x1080
image_459.jpg,01/01/23 8:46,01/01/23 9:43,01/01/23 9:58,25.76218,-80.183579,iPhone 13 Pro,4519,1920x1080
image_460.jpg,01/01/23 17:42,01/01/23 17:45,01/01/23 18:44,25.771489,-80.184216,iPhone 13 Pro,7282,2560x1440
image_461.jpg,01/01/23 16:31,01/01/23 16:53,01/01/23 17:34,25.768146,-80.187628,iPhone 13 Pro,3922,3000x2000
image_462.jpg,01/01/23 11:41,01/01/23 12:27,01/01/23 13:16,25.765827,-80.183158,Nikon D3500,3968,1920x1080
image_463.jpg,01/01/23 13:23,01/01/23 14:19,01/01/23 15:01,25.781198,-80.172189,Nikon D3500,2634,1920x1080
image_464.jpg,01/01/23 12:28,01/01/23 12:39,01/01/23 12:39,25.767843,-80.178404,Nikon D3500,7997,4000x3000
image_465.jpg,01/01/23 10:04,01/01/23 10:28,01/01/23 11:18,25.770533,-80.190735,Canon EOS 90D,7733,2560x1440
image_466.jpg,01/01/23 14:48,01/01/23 15:29,01/01/23 16:21,25.774949,-80.190806,Samsung Galaxy S21,1076,4000x3000
image_467.jpg,01/01/23 14:49,01/01/23 15:09,01/01/23 16:09,25.763512,-80.185935,Nikon D3500,6180,1920x1080
image_468.jpg,01/01/23 8:44,01/01/23 9:09,01/01/23 9:57,25.77689,-80.175827,Nikon D3500,1784,2560x1440
image_469.jpg,01/01/23 17:30,01/01/23 18:27,01/01/23 19:06,25.762432,-80.179126,Canon EOS 90D,5108,4000x3000
image_470.jpg,01/01/23 14:46,01/01/23 15:32,01/01/23 15:39,25.766679,-80.186721,Samsung Galaxy S21,1098,3000x2000
image_471.jpg,01/01/23 16:24,01/01/23 17:17,01/01/23 18:14,25.764715,-80.172112,Canon EOS 90D,6433,2560x1440
image_472.jpg,01/01/23 17:47,01/01/23 18:00,01/01/23 18:16,25.773136,-80.173556,Canon EOS 90D,7926,2560x1440
image_473.jpg,01/01/23 11:57,01/01/23 12:41,01/01/23 12:41,25.781683,-80.184283,iPhone 13 Pro,2698,4000x3000
image_474.jpg,01/01/23 9:01,01/01/23 9:20,01/01/23 9:25,25.770216,-80.179617,Canon EOS 90D,6814,4000x3000
image_475.jpg,01/01/23 16:51,01/01/23 17:45,01/01/23 18:10,25.770649,-80.19165,Nikon D3500,2796,1920x1080
image_476.jpg,01/01/23 15:54,01/01/23 16:39,01/01/23 17:15,25.775266,-80.178209,iPhone 13 Pro,7738,2560x1440
image_477.jpg,01/01/23 12:46,01/01/23 12:56,01/01/23 13:26,25.773427,-80.180391,Samsung Galaxy S21,5557,2560x1440
image_478.jpg,01/01/23 15:23,01/01/23 15:43,01/01/23 16:32,25.761911,-80.183558,Samsung Galaxy S21,3832,1920x1080
image_479.jpg,01/01/23 10:48,01/01/23 11:01,01/01/23 11:56,25.77958,-80.177521,iPhone 13 Pro,4713,3000x2000
image_480.jpg,01/01/23 17:01,01/01/23 17:43,01/01/23 18:06,25.76616,-80.188442,Nikon D3500,3067,2560x1440
image_481.jpg,01/01/23 13:55,01/01/23 13:57,01/01/23 14:20,25.771502,-80.191592,Canon EOS 90D,2250,2560x1440
image_482.jpg,01/01/23 17:25,01/01/23 18:13,01/01/23 18:13,25.77046,-80.178117,Canon EOS 90D,6716,3000x2000
image_483.jpg,01/01/23 17:39,01/01/23 17:59,01/01/23 18:33,25.761717,-80.176429,iPhone 13 Pro,1350,2560x1440
image_484.jpg,01/01/23 16:34,01/01/23 17:01,01/01/23 17:25,25.770689,-80.176905,Samsung Galaxy S21,5342,2560x1440
image_485.jpg,01/01/23 9:18,01/01/23 9:31,01/01/23 10:27,25.765915,-80.188834,iPhone 13 Pro,2597,4000x3000
image_486.jpg,01/01/23 14:49,01/01/23 15:30,01/01/23 15:57,25.769957,-80.190154,Samsung Galaxy S21,1847,4000x3000
image_487.jpg,01/01/23 9:28,01/01/23 10:21,01/01/23 11:12,25.771552,-80.185027,Samsung Galaxy S21,2498,2560x1440
image_488.jpg,01/01/23 10:44,01/01/23 11:28,01/01/23 11:39,25.763885,-80.18016,Samsung Galaxy S21,7699,2560x1440
image_489.jpg,01/01/23 15:12,01/01/23 15:24,01/01/23 16:19,25.778284,-80.175569,Nikon D3500,7178,1920x1080
image_490.jpg,01/01/23 14:53,01/01/23 15:46,01/01/23 16:21,25.774464,-80.174226,Samsung Galaxy S21,4653,3000x2000
image_491.jpg,01/01/23 16:34,01/01/23 17:21,01/01/23 17:55,25.763216,-80.17975,iPhone 13 Pro,7180,3000x2000
image_492.jpg,01/01/23 17:01,01/01/23 17:48,01/01/23 18:08,25.773518,-80.191726,iPhone 13 Pro,7183,3000x2000
image_493.jpg,01/01/23 9:23,01/01/23 9:59,01/01/23 10:33,25.764088,-80.172033,Nikon D3500,7597,1920x1080
image_494.jpg,01/01/23 13:27,01/01/23 13:32,01/01/23 13:46,25.769095,-80.187366,Samsung Galaxy S21,2395,3000x2000
image_495.jpg,01/01/23 11:35,01/01/23 11:43,01/01/23 11:46,25.780729,-80.188877,Nikon D3500,5448,3000x2000
image_496.jpg,01/01/23 12:09,01/01/23 12:39,01/01/23 12:44,25.765721,-80.181958,Canon EOS 90D,4438,1920x1080
image_497.jpg,01/01/23 14:57,01/01/23 15:24,01/01/23 16:18,25.762312,-80.178163,iPhone 13 Pro,3986,4000x3000
image_498.jpg,01/01/23 17:57,01/01/23 18:57,01/01/23 19:46,25.773575,-80.187888,Nikon D3500,6531,2560x1440
image_499.jpg,01/01/23 11:03,01/01/23 11:58,01/01/23 12:03,25.772502,-80.171904,Samsung Galaxy S21,3118,2560x1440
image_500.jpg,01/01/23 13:13,01/01/23 13:50,01/01/23 14:49,25.768387,-80.179566,Nikon D3500,2274,3000x2000